timestamp_ps,link,node,qber,key_rate_sifted,key_rate_final,detection_count,error_count,dark_count_rate,detector_efficiency,back_reflection_power,phase_error_rate,label,fault_id
10000000000,Koganei_A_Koganei_B,Koganei_A,0.0,0.0,0.0,256,0,100,0.8,0.0,0.0,normal,0
10000000000,Koganei_B_Otemachi,Koganei_B,0.0,0.0,0.0,256,0,100,0.8,0.0,0.0,normal,0
10000000000,Otemachi_Hakusan,Otemachi,0.0,0.0,0.0,256,0,100,0.8,0.0,0.0,normal,0
10000000000,Hakusan_Hongo,Hakusan,0.0,0.0,0.0,256,0,100,0.8,0.0,0.0,normal,0
20000000000,Koganei_A_Koganei_B,Koganei_A,0.0,0.0,0.0,256,0,100,0.8,0.0,0.0,normal,0
20000000000,Koganei_B_Otemachi,Koganei_B,0.0,0.0,0.0,256,0,100,0.8,0.0,0.0,normal,0
20000000000,Otemachi_Hakusan,Otemachi,0.0,0.0,0.0,256,0,100,0.8,0.0,0.0,normal,0
20000000000,Hakusan_Hongo,Hakusan,0.0,0.0,0.0,256,0,100,0.8,0.0,0.0,normal,0
30000000000,Koganei_A_Koganei_B,Koganei_A,0.0,0.0,0.0,256,0,100,0.8,0.0,0.0,normal,0
30000000000,Koganei_B_Otemachi,Koganei_B,0.0,0.0,0.0,256,0,100,0.8,0.0,0.0,normal,0
30000000000,Otemachi_Hakusan,Otemachi,0.0,0.0,0.0,256,0,100,0.8,0.0,0.0,normal,0
30000000000,Hakusan_Hongo,Hakusan,0.0,0.0,0.0,256,0,100,0.8,0.0,0.0,normal,0
40000000000,Koganei_A_Koganei_B,Koganei_A,0.0,0.0,0.0,256,0,100,0.8,0.0,0.0,normal,0
40000000000,Koganei_B_Otemachi,Koganei_B,0.0,0.0,0.0,256,0,100,0.8,0.0,0.0,normal,0
40000000000,Otemachi_Hakusan,Otemachi,0.0,0.0,0.0,256,0,100,0.8,0.0,0.0,normal,0
40000000000,Hakusan_Hongo,Hakusan,0.0,0.0,0.0,256,0,100,0.8,0.0,0.0,normal,0
50000000000,Koganei_A_Koganei_B,Koganei_A,0.0,0.0,0.0,256,0,100,0.8,0.0,0.0,normal,0
50000000000,Koganei_B_Otemachi,Koganei_B,0.0,0.0,0.0,256,0,100,0.8,0.0,0.0,normal,0
50000000000,Otemachi_Hakusan,Otemachi,0.0,0.0,0.0,256,0,100,0.8,0.0,0.0,normal,0
50000000000,Hakusan_Hongo,Hakusan,0.0,0.0,0.0,256,0,100,0.8,0.0,0.0,normal,0
60000000000,Koganei_A_Koganei_B,Koganei_A,0.0,0.0,0.0,256,0,100,0.8,0.0,0.0,normal,0
60000000000,Koganei_B_Otemachi,Koganei_B,0.0,0.0,0.0,256,0,100,0.8,0.0,0.0,normal,0
60000000000,Otemachi_Hakusan,Otemachi,0.0,0.0,0.0,256,0,100,0.8,0.0,0.0,normal,0
60000000000,Hakusan_Hongo,Hakusan,0.0,0.0,0.0,256,0,100,0.8,0.0,0.0,normal,0
70000000000,Koganei_A_Koganei_B,Koganei_A,0.0,0.0,0.0,256,0,100,0.8,0.0,0.0,normal,0
70000000000,Koganei_B_Otemachi,Koganei_B,0.0,0.0,0.0,256,0,100,0.8,0.0,0.0,normal,0
70000000000,Otemachi_Hakusan,Otemachi,0.0,0.0,0.0,256,0,100,0.8,0.0,0.0,normal,0
70000000000,Hakusan_Hongo,Hakusan,0.0,0.0,0.0,256,0,100,0.8,0.0,0.0,normal,0
80000000000,Koganei_A_Koganei_B,Koganei_A,0.0,0.0,0.0,256,0,100,0.8,0.0,0.0,normal,0
80000000000,Koganei_B_Otemachi,Koganei_B,0.0,0.0,0.0,256,0,100,0.8,0.0,0.0,normal,0
80000000000,Otemachi_Hakusan,Otemachi,0.0,0.0,0.0,256,0,100,0.8,0.0,0.0,normal,0
80000000000,Hakusan_Hongo,Hakusan,0.0,0.0,0.0,256,0,100,0.8,0.0,0.0,normal,0
90000000000,Koganei_A_Koganei_B,Koganei_A,0.0,0.0,0.0,256,0,100,0.8,0.0,0.0,normal,0
90000000000,Koganei_B_Otemachi,Koganei_B,0.0,0.0,0.0,256,0,100,0.8,0.0,0.0,normal,0
90000000000,Otemachi_Hakusan,Otemachi,0.0,0.0,0.0,256,0,100,0.8,0.0,0.0,normal,0
90000000000,Hakusan_Hongo,Hakusan,0.0,0.0,0.0,256,0,100,0.8,0.0,0.0,normal,0
100000000000,Koganei_A_Koganei_B,Koganei_A,0.0,0.0,0.0,256,0,100,0.8,0.0,0.0,normal,0
100000000000,Koganei_B_Otemachi,Koganei_B,0.0,0.0,0.0,256,0,100,0.8,0.0,0.0,normal,0
100000000000,Otemachi_Hakusan,Otemachi,0.0,0.0,0.0,256,0,100,0.8,0.0,0.0,normal,0
100000000000,Hakusan_Hongo,Hakusan,0.0,0.0,0.0,256,0,100,0.8,0.0,0.0,normal,0
110000000000,Koganei_A_Koganei_B,Koganei_A,0.0,0.0,0.0,256,0,100,0.8,0.0,0.0,normal,0
110000000000,Koganei_B_Otemachi,Koganei_B,0.0,0.0,0.0,256,0,100,0.8,0.0,0.0,normal,0
110000000000,Otemachi_Hakusan,Otemachi,0.0,0.0,0.0,256,0,100,0.8,0.0,0.0,normal,0
110000000000,Hakusan_Hongo,Hakusan,0.0,0.0,0.0,256,0,100,0.8,0.0,0.0,normal,0
120000000000,Koganei_A_Koganei_B,Koganei_A,0.0,0.0,0.0,256,0,100,0.8,0.0,0.0,normal,0
120000000000,Koganei_B_Otemachi,Koganei_B,0.0,0.0,0.0,256,0,100,0.8,0.0,0.0,normal,0
120000000000,Otemachi_Hakusan,Otemachi,0.0,0.0,0.0,256,0,100,0.8,0.0,0.0,normal,0
120000000000,Hakusan_Hongo,Hakusan,0.0,0.0,0.0,256,0,100,0.8,0.0,0.0,normal,0
130000000000,Koganei_A_Koganei_B,Koganei_A,0.0,0.0,0.0,256,0,100,0.8,0.0,0.0,normal,0
130000000000,Koganei_B_Otemachi,Koganei_B,0.0,0.0,0.0,256,0,100,0.8,0.0,0.0,normal,0
130000000000,Otemachi_Hakusan,Otemachi,0.0,0.0,0.0,256,0,100,0.8,0.0,0.0,normal,0
130000000000,Hakusan_Hongo,Hakusan,0.0,0.0,0.0,256,0,100,0.8,0.0,0.0,normal,0
140000000000,Koganei_A_Koganei_B,Koganei_A,0.0,0.0,0.0,256,0,100,0.8,0.0,0.0,normal,0
140000000000,Koganei_B_Otemachi,Koganei_B,0.0,0.0,0.0,256,0,100,0.8,0.0,0.0,normal,0
140000000000,Otemachi_Hakusan,Otemachi,0.0,0.0,0.0,256,0,100,0.8,0.0,0.0,normal,0
140000000000,Hakusan_Hongo,Hakusan,0.0,0.0,0.0,256,0,100,0.8,0.0,0.0,normal,0
150000000000,Koganei_A_Koganei_B,Koganei_A,0.0,0.0,0.0,256,0,100,0.8,0.0,0.0,normal,0
150000000000,Koganei_B_Otemachi,Koganei_B,0.0,0.0,0.0,256,0,100,0.8,0.0,0.0,normal,0
150000000000,Otemachi_Hakusan,Otemachi,0.0,0.0,0.0,256,0,100,0.8,0.0,0.0,normal,0
150000000000,Hakusan_Hongo,Hakusan,0.0,0.0,0.0,256,0,100,0.8,0.0,0.0,normal,0
160000000000,Koganei_A_Koganei_B,Koganei_A,0.0,0.0,0.0,256,0,100,0.8,0.0,0.0,normal,0
160000000000,Koganei_B_Otemachi,Koganei_B,0.0,0.0,0.0,256,0,100,0.8,0.0,0.0,normal,0
160000000000,Otemachi_Hakusan,Otemachi,0.0,0.0,0.0,256,0,100,0.8,0.0,0.0,normal,0
160000000000,Hakusan_Hongo,Hakusan,0.0,0.0,0.0,256,0,100,0.8,0.0,0.0,normal,0
170000000000,Koganei_A_Koganei_B,Koganei_A,0.0,0.0,0.0,256,0,100,0.8,0.0,0.0,normal,0
170000000000,Koganei_B_Otemachi,Koganei_B,0.0,0.0,0.0,256,0,100,0.8,0.0,0.0,normal,0
170000000000,Otemachi_Hakusan,Otemachi,0.0,0.0,0.0,256,0,100,0.8,0.0,0.0,normal,0
170000000000,Hakusan_Hongo,Hakusan,0.0,0.0,0.0,256,0,100,0.8,0.0,0.0,normal,0
180000000000,Koganei_A_Koganei_B,Koganei_A,0.0,0.0,0.0,256,0,100,0.8,0.0,0.0,normal,0
180000000000,Koganei_B_Otemachi,Koganei_B,0.0,0.0,0.0,256,0,100,0.8,0.0,0.0,normal,0
180000000000,Otemachi_Hakusan,Otemachi,0.0,0.0,0.0,256,0,100,0.8,0.0,0.0,normal,0
180000000000,Hakusan_Hongo,Hakusan,0.0,0.0,0.0,256,0,100,0.8,0.0,0.0,normal,0
190000000000,Koganei_A_Koganei_B,Koganei_A,0.0,0.0,0.0,256,0,100,0.8,0.0,0.0,normal,0
190000000000,Koganei_B_Otemachi,Koganei_B,0.0,0.0,0.0,256,0,100,0.8,0.0,0.0,normal,0
190000000000,Otemachi_Hakusan,Otemachi,0.0,0.0,0.0,256,0,100,0.8,0.0,0.0,normal,0
190000000000,Hakusan_Hongo,Hakusan,0.0,0.0,0.0,256,0,100,0.8,0.0,0.0,normal,0
200000000000,Koganei_A_Koganei_B,Koganei_A,0.0,0.0,0.0,256,0,100,0.8,0.0,0.0,normal,0
200000000000,Koganei_B_Otemachi,Koganei_B,0.0,0.0,0.0,256,0,100,0.8,0.0,0.0,normal,0
200000000000,Otemachi_Hakusan,Otemachi,0.0,0.0,0.0,256,0,100,0.8,0.0,0.0,normal,0
200000000000,Hakusan_Hongo,Hakusan,0.0,0.0,0.0,256,0,100,0.8,0.0,0.0,normal,0
210000000000,Koganei_A_Koganei_B,Koganei_A,0.0,0.0,0.0,256,0,100,0.8,0.0,0.0,normal,0
210000000000,Koganei_B_Otemachi,Koganei_B,0.0,0.0,0.0,256,0,100,0.8,0.0,0.0,normal,0
210000000000,Otemachi_Hakusan,Otemachi,0.0,0.0,0.0,256,0,100,0.8,0.0,0.0,normal,0
210000000000,Hakusan_Hongo,Hakusan,0.0,0.0,0.0,256,0,100,0.8,0.0,0.0,normal,0
220000000000,Koganei_A_Koganei_B,Koganei_A,0.0,0.0,0.0,256,0,100,0.8,0.0,0.0,normal,0
220000000000,Koganei_B_Otemachi,Koganei_B,0.0,0.0,0.0,256,0,100,0.8,0.0,0.0,normal,0
220000000000,Otemachi_Hakusan,Otemachi,0.0,0.0,0.0,256,0,100,0.8,0.0,0.0,normal,0
220000000000,Hakusan_Hongo,Hakusan,0.0,0.0,0.0,256,0,100,0.8,0.0,0.0,normal,0
230000000000,Koganei_A_Koganei_B,Koganei_A,0.0,0.0,0.0,256,0,100,0.8,0.0,0.0,normal,0
230000000000,Koganei_B_Otemachi,Koganei_B,0.0,0.0,0.0,256,0,100,0.8,0.0,0.0,normal,0
230000000000,Otemachi_Hakusan,Otemachi,0.0,0.0,0.0,256,0,100,0.8,0.0,0.0,normal,0
230000000000,Hakusan_Hongo,Hakusan,0.0,0.0,0.0,256,0,100,0.8,0.0,0.0,normal,0
240000000000,Koganei_A_Koganei_B,Koganei_A,0.0,0.0,0.0,256,0,100,0.8,0.0,0.0,normal,0
240000000000,Koganei_B_Otemachi,Koganei_B,0.0,0.0,0.0,256,0,100,0.8,0.0,0.0,normal,0
240000000000,Otemachi_Hakusan,Otemachi,0.0,0.0,0.0,256,0,100,0.8,0.0,0.0,normal,0
240000000000,Hakusan_Hongo,Hakusan,0.0,0.0,0.0,256,0,100,0.8,0.0,0.0,normal,0
250000000000,Koganei_A_Koganei_B,Koganei_A,0.0,0.0,0.0,256,0,100,0.8,0.0,0.0,normal,0
250000000000,Koganei_B_Otemachi,Koganei_B,0.0,0.0,0.0,256,0,100,0.8,0.0,0.0,normal,0
250000000000,Otemachi_Hakusan,Otemachi,0.0,0.0,0.0,256,0,100,0.8,0.0,0.0,normal,0
250000000000,Hakusan_Hongo,Hakusan,0.0,0.0,0.0,256,0,100,0.8,0.0,0.0,normal,0
260000000000,Koganei_A_Koganei_B,Koganei_A,0.0,0.0,0.0,256,0,100,0.8,0.0,0.0,normal,0
260000000000,Koganei_B_Otemachi,Koganei_B,0.0,0.0,0.0,256,0,100,0.8,0.0,0.0,normal,0
260000000000,Otemachi_Hakusan,Otemachi,0.0,0.0,0.0,256,0,100,0.8,0.0,0.0,normal,0
260000000000,Hakusan_Hongo,Hakusan,0.0,0.0,0.0,256,0,100,0.8,0.0,0.0,normal,0
270000000000,Koganei_A_Koganei_B,Koganei_A,0.0,0.0,0.0,256,0,100,0.8,0.0,0.0,normal,0
270000000000,Koganei_B_Otemachi,Koganei_B,0.0,0.0,0.0,256,0,100,0.8,0.0,0.0,normal,0
270000000000,Otemachi_Hakusan,Otemachi,0.0,0.0,0.0,256,0,100,0.8,0.0,0.0,normal,0
270000000000,Hakusan_Hongo,Hakusan,0.0,0.0,0.0,256,0,100,0.8,0.0,0.0,normal,0
280000000000,Koganei_A_Koganei_B,Koganei_A,0.0,0.0,0.0,256,0,100,0.8,0.0,0.0,normal,0
280000000000,Koganei_B_Otemachi,Koganei_B,0.0,0.0,0.0,256,0,100,0.8,0.0,0.0,normal,0
280000000000,Otemachi_Hakusan,Otemachi,0.0,0.0,0.0,256,0,100,0.8,0.0,0.0,normal,0
280000000000,Hakusan_Hongo,Hakusan,0.0,0.0,0.0,256,0,100,0.8,0.0,0.0,normal,0
290000000000,Koganei_A_Koganei_B,Koganei_A,0.0,0.0,0.0,256,0,100,0.8,0.0,0.0,normal,0
290000000000,Koganei_B_Otemachi,Koganei_B,0.0,0.0,0.0,256,0,100,0.8,0.0,0.0,normal,0
290000000000,Otemachi_Hakusan,Otemachi,0.0,0.0,0.0,256,0,100,0.8,0.0,0.0,normal,0
290000000000,Hakusan_Hongo,Hakusan,0.0,0.0,0.0,256,0,100,0.8,0.0,0.0,normal,0
300000000000,Koganei_A_Koganei_B,Koganei_A,0.0,0.0,0.0,256,0,100,0.8,0.0,0.0,normal,0
300000000000,Koganei_B_Otemachi,Koganei_B,0.0,0.0,0.0,256,0,100,0.8,0.0,0.0,normal,0
300000000000,Otemachi_Hakusan,Otemachi,0.0,0.0,0.0,256,0,100,0.8,0.0,0.0,normal,0
300000000000,Hakusan_Hongo,Hakusan,0.0,0.0,0.0,256,0,100,0.8,0.0,0.0,normal,0
310000000000,Koganei_A_Koganei_B,Koganei_A,0.0,0.0,0.0,256,0,100,0.8,0.0,0.0,normal,0
310000000000,Koganei_B_Otemachi,Koganei_B,0.0,0.0,0.0,256,0,100,0.8,0.0,0.0,normal,0
310000000000,Otemachi_Hakusan,Otemachi,0.0,0.0,0.0,256,0,100,0.8,0.0,0.0,normal,0
310000000000,Hakusan_Hongo,Hakusan,0.0,0.0,0.0,256,0,100,0.8,0.0,0.0,normal,0
320000000000,Koganei_A_Koganei_B,Koganei_A,0.0,0.0,0.0,256,0,100,0.8,0.0,0.0,normal,0
320000000000,Koganei_B_Otemachi,Koganei_B,0.0,0.0,0.0,256,0,100,0.8,0.0,0.0,normal,0
320000000000,Otemachi_Hakusan,Otemachi,0.0,0.0,0.0,256,0,100,0.8,0.0,0.0,normal,0
320000000000,Hakusan_Hongo,Hakusan,0.0,0.0,0.0,256,0,100,0.8,0.0,0.0,normal,0
330000000000,Koganei_A_Koganei_B,Koganei_A,0.0,0.0,0.0,256,0,100,0.8,0.0,0.0,normal,0
330000000000,Koganei_B_Otemachi,Koganei_B,0.0,0.0,0.0,256,0,100,0.8,0.0,0.0,normal,0
330000000000,Otemachi_Hakusan,Otemachi,0.0,0.0,0.0,256,0,100,0.8,0.0,0.0,normal,0
330000000000,Hakusan_Hongo,Hakusan,0.0,0.0,0.0,256,0,100,0.8,0.0,0.0,normal,0
340000000000,Koganei_A_Koganei_B,Koganei_A,0.0,0.0,0.0,256,0,100,0.8,0.0,0.0,normal,0
340000000000,Koganei_B_Otemachi,Koganei_B,0.0,0.0,0.0,256,0,100,0.8,0.0,0.0,normal,0
340000000000,Otemachi_Hakusan,Otemachi,0.0,0.0,0.0,256,0,100,0.8,0.0,0.0,normal,0
340000000000,Hakusan_Hongo,Hakusan,0.0,0.0,0.0,256,0,100,0.8,0.0,0.0,normal,0
350000000000,Koganei_A_Koganei_B,Koganei_A,0.0,0.0,0.0,256,0,100,0.8,0.0,0.0,normal,0
350000000000,Koganei_B_Otemachi,Koganei_B,0.0,0.0,0.0,256,0,100,0.8,0.0,0.0,normal,0
350000000000,Otemachi_Hakusan,Otemachi,0.0,0.0,0.0,256,0,100,0.8,0.0,0.0,normal,0
350000000000,Hakusan_Hongo,Hakusan,0.0,0.0,0.0,256,0,100,0.8,0.0,0.0,normal,0
360000000000,Koganei_A_Koganei_B,Koganei_A,0.0,0.0,0.0,256,0,100,0.8,0.0,0.0,normal,0
360000000000,Koganei_B_Otemachi,Koganei_B,0.0,0.0,0.0,256,0,100,0.8,0.0,0.0,normal,0
360000000000,Otemachi_Hakusan,Otemachi,0.0,0.0,0.0,256,0,100,0.8,0.0,0.0,normal,0
360000000000,Hakusan_Hongo,Hakusan,0.0,0.0,0.0,256,0,100,0.8,0.0,0.0,normal,0
370000000000,Koganei_A_Koganei_B,Koganei_A,0.0,0.0,0.0,256,0,100,0.8,0.0,0.0,normal,0
370000000000,Koganei_B_Otemachi,Koganei_B,0.0,0.0,0.0,256,0,100,0.8,0.0,0.0,normal,0
370000000000,Otemachi_Hakusan,Otemachi,0.0,0.0,0.0,256,0,100,0.8,0.0,0.0,normal,0
370000000000,Hakusan_Hongo,Hakusan,0.0,0.0,0.0,256,0,100,0.8,0.0,0.0,normal,0
380000000000,Koganei_A_Koganei_B,Koganei_A,0.0,0.0,0.0,256,0,100,0.8,0.0,0.0,normal,0
380000000000,Koganei_B_Otemachi,Koganei_B,0.0,0.0,0.0,256,0,100,0.8,0.0,0.0,normal,0
380000000000,Otemachi_Hakusan,Otemachi,0.0,0.0,0.0,256,0,100,0.8,0.0,0.0,normal,0
380000000000,Hakusan_Hongo,Hakusan,0.0,0.0,0.0,256,0,100,0.8,0.0,0.0,normal,0
390000000000,Koganei_A_Koganei_B,Koganei_A,0.0,0.0,0.0,256,0,100,0.8,0.0,0.0,normal,0
390000000000,Koganei_B_Otemachi,Koganei_B,0.0,0.0,0.0,256,0,100,0.8,0.0,0.0,normal,0
390000000000,Otemachi_Hakusan,Otemachi,0.0,0.0,0.0,256,0,100,0.8,0.0,0.0,normal,0
390000000000,Hakusan_Hongo,Hakusan,0.0,0.0,0.0,256,0,100,0.8,0.0,0.0,normal,0
400000000000,Koganei_A_Koganei_B,Koganei_A,0.0,0.0,0.0,256,0,100,0.8,0.0,0.0,normal,0
400000000000,Koganei_B_Otemachi,Koganei_B,0.0,0.0,0.0,256,0,100,0.8,0.0,0.0,normal,0
400000000000,Otemachi_Hakusan,Otemachi,0.0,0.0,0.0,256,0,100,0.8,0.0,0.0,normal,0
400000000000,Hakusan_Hongo,Hakusan,0.0,0.0,0.0,256,0,100,0.8,0.0,0.0,normal,0
410000000000,Koganei_A_Koganei_B,Koganei_A,0.0,0.0,0.0,256,0,100,0.8,0.0,0.0,normal,0
410000000000,Koganei_B_Otemachi,Koganei_B,0.0,0.0,0.0,256,0,100,0.8,0.0,0.0,normal,0
410000000000,Otemachi_Hakusan,Otemachi,0.0,0.0,0.0,256,0,100,0.8,0.0,0.0,normal,0
410000000000,Hakusan_Hongo,Hakusan,0.0,0.0,0.0,256,0,100,0.8,0.0,0.0,normal,0
420000000000,Koganei_A_Koganei_B,Koganei_A,0.0,0.0,0.0,256,0,100,0.8,0.0,0.0,normal,0
420000000000,Koganei_B_Otemachi,Koganei_B,0.0,0.0,0.0,256,0,100,0.8,0.0,0.0,normal,0
420000000000,Otemachi_Hakusan,Otemachi,0.0,0.0,0.0,256,0,100,0.8,0.0,0.0,normal,0
420000000000,Hakusan_Hongo,Hakusan,0.0,0.0,0.0,256,0,100,0.8,0.0,0.0,normal,0
430000000000,Koganei_A_Koganei_B,Koganei_A,0.0,0.0,0.0,256,0,100,0.8,0.0,0.0,normal,0
430000000000,Koganei_B_Otemachi,Koganei_B,0.0,0.0,0.0,256,0,100,0.8,0.0,0.0,normal,0
430000000000,Otemachi_Hakusan,Otemachi,0.0,0.0,0.0,256,0,100,0.8,0.0,0.0,normal,0
430000000000,Hakusan_Hongo,Hakusan,0.0,0.0,0.0,256,0,100,0.8,0.0,0.0,normal,0
440000000000,Koganei_A_Koganei_B,Koganei_A,0.0,0.0,0.0,256,0,100,0.8,0.0,0.0,normal,0
440000000000,Koganei_B_Otemachi,Koganei_B,0.0,0.0,0.0,256,0,100,0.8,0.0,0.0,normal,0
440000000000,Otemachi_Hakusan,Otemachi,0.0,0.0,0.0,256,0,100,0.8,0.0,0.0,normal,0
440000000000,Hakusan_Hongo,Hakusan,0.0,0.0,0.0,256,0,100,0.8,0.0,0.0,normal,0
450000000000,Koganei_A_Koganei_B,Koganei_A,0.0,0.0,0.0,256,0,100,0.8,0.0,0.0,normal,0
450000000000,Koganei_B_Otemachi,Koganei_B,0.0,0.0,0.0,256,0,100,0.8,0.0,0.0,normal,0
450000000000,Otemachi_Hakusan,Otemachi,0.0,0.0,0.0,256,0,100,0.8,0.0,0.0,normal,0
450000000000,Hakusan_Hongo,Hakusan,0.0,0.0,0.0,256,0,100,0.8,0.0,0.0,normal,0
460000000000,Koganei_A_Koganei_B,Koganei_A,0.0,0.0,0.0,256,0,100,0.8,0.0,0.0,normal,0
460000000000,Koganei_B_Otemachi,Koganei_B,0.0,0.0,0.0,256,0,100,0.8,0.0,0.0,normal,0
460000000000,Otemachi_Hakusan,Otemachi,0.0,0.0,0.0,256,0,100,0.8,0.0,0.0,normal,0
460000000000,Hakusan_Hongo,Hakusan,0.0,0.0,0.0,256,0,100,0.8,0.0,0.0,normal,0
470000000000,Koganei_A_Koganei_B,Koganei_A,0.0,0.0,0.0,256,0,100,0.8,0.0,0.0,normal,0
470000000000,Koganei_B_Otemachi,Koganei_B,0.0,0.0,0.0,256,0,100,0.8,0.0,0.0,normal,0
470000000000,Otemachi_Hakusan,Otemachi,0.0,0.0,0.0,256,0,100,0.8,0.0,0.0,normal,0
470000000000,Hakusan_Hongo,Hakusan,0.0,0.0,0.0,256,0,100,0.8,0.0,0.0,normal,0
480000000000,Koganei_A_Koganei_B,Koganei_A,0.0,0.0,0.0,256,0,100,0.8,0.0,0.0,normal,0
480000000000,Koganei_B_Otemachi,Koganei_B,0.0,0.0,0.0,256,0,100,0.8,0.0,0.0,normal,0
480000000000,Otemachi_Hakusan,Otemachi,0.0,0.0,0.0,256,0,100,0.8,0.0,0.0,normal,0
480000000000,Hakusan_Hongo,Hakusan,0.0,0.0,0.0,256,0,100,0.8,0.0,0.0,normal,0
490000000000,Koganei_A_Koganei_B,Koganei_A,0.0,0.0,0.0,256,0,100,0.8,0.0,0.0,normal,0
490000000000,Koganei_B_Otemachi,Koganei_B,0.0,0.0,0.0,256,0,100,0.8,0.0,0.0,normal,0
490000000000,Otemachi_Hakusan,Otemachi,0.0,0.0,0.0,256,0,100,0.8,0.0,0.0,normal,0
490000000000,Hakusan_Hongo,Hakusan,0.0,0.0,0.0,256,0,100,0.8,0.0,0.0,normal,0
500000000000,Koganei_A_Koganei_B,Koganei_A,0.0,0.0,0.0,256,0,100,0.8,0.0,0.0,blinding,4
500000000000,Koganei_B_Otemachi,Koganei_B,0.0,0.0,0.0,256,0,100,0.8,0.0,0.0,blinding,4
500000000000,Otemachi_Hakusan,Otemachi,0.0,0.0,0.0,256,0,5000000,1.0,0.0,0.0,blinding,4
500000000000,Hakusan_Hongo,Hakusan,0.0,0.0,0.0,256,0,100,0.8,0.0,0.0,blinding,4
510000000000,Koganei_A_Koganei_B,Koganei_A,0.0,0.0,0.0,256,0,100,0.8,0.0,0.0,blinding,4
510000000000,Koganei_B_Otemachi,Koganei_B,0.0,0.0,0.0,256,0,100,0.8,0.0,0.0,blinding,4
510000000000,Otemachi_Hakusan,Otemachi,0.0,0.0,0.0,256,0,5000000,1.0,0.0,0.0,blinding,4
510000000000,Hakusan_Hongo,Hakusan,0.0,0.0,0.0,256,0,100,0.8,0.0,0.0,blinding,4
520000000000,Koganei_A_Koganei_B,Koganei_A,0.0,0.0,0.0,256,0,100,0.8,0.0,0.0,blinding,4
520000000000,Koganei_B_Otemachi,Koganei_B,0.0,0.0,0.0,256,0,100,0.8,0.0,0.0,blinding,4
520000000000,Otemachi_Hakusan,Otemachi,0.0,0.0,0.0,256,0,5000000,1.0,0.0,0.0,blinding,4
520000000000,Hakusan_Hongo,Hakusan,0.0,0.0,0.0,256,0,100,0.8,0.0,0.0,blinding,4
530000000000,Koganei_A_Koganei_B,Koganei_A,0.0,0.0,0.0,256,0,100,0.8,0.0,0.0,blinding,4
530000000000,Koganei_B_Otemachi,Koganei_B,0.0,0.0,0.0,256,0,100,0.8,0.0,0.0,blinding,4
530000000000,Otemachi_Hakusan,Otemachi,0.0,0.0,0.0,256,0,5000000,1.0,0.0,0.0,blinding,4
530000000000,Hakusan_Hongo,Hakusan,0.0,0.0,0.0,256,0,100,0.8,0.0,0.0,blinding,4
540000000000,Koganei_A_Koganei_B,Koganei_A,0.0,0.0,0.0,256,0,100,0.8,0.0,0.0,blinding,4
540000000000,Koganei_B_Otemachi,Koganei_B,0.0,0.0,0.0,256,0,100,0.8,0.0,0.0,blinding,4
540000000000,Otemachi_Hakusan,Otemachi,0.0,0.0,0.0,256,0,5000000,1.0,0.0,0.0,blinding,4
540000000000,Hakusan_Hongo,Hakusan,0.0,0.0,0.0,256,0,100,0.8,0.0,0.0,blinding,4
550000000000,Koganei_A_Koganei_B,Koganei_A,0.0,0.0,0.0,256,0,100,0.8,0.0,0.0,blinding,4
550000000000,Koganei_B_Otemachi,Koganei_B,0.0,0.0,0.0,256,0,100,0.8,0.0,0.0,blinding,4
550000000000,Otemachi_Hakusan,Otemachi,0.0,0.0,0.0,256,0,5000000,1.0,0.0,0.0,blinding,4
550000000000,Hakusan_Hongo,Hakusan,0.0,0.0,0.0,256,0,100,0.8,0.0,0.0,blinding,4
560000000000,Koganei_A_Koganei_B,Koganei_A,0.0,0.0,0.0,256,0,100,0.8,0.0,0.0,blinding,4
560000000000,Koganei_B_Otemachi,Koganei_B,0.0,0.0,0.0,256,0,100,0.8,0.0,0.0,blinding,4
560000000000,Otemachi_Hakusan,Otemachi,0.0,0.0,0.0,256,0,5000000,1.0,0.0,0.0,blinding,4
560000000000,Hakusan_Hongo,Hakusan,0.0,0.0,0.0,256,0,100,0.8,0.0,0.0,blinding,4
570000000000,Koganei_A_Koganei_B,Koganei_A,0.0,0.0,0.0,256,0,100,0.8,0.0,0.0,blinding,4
570000000000,Koganei_B_Otemachi,Koganei_B,0.0,0.0,0.0,256,0,100,0.8,0.0,0.0,blinding,4
570000000000,Otemachi_Hakusan,Otemachi,0.0,0.0,0.0,256,0,5000000,1.0,0.0,0.0,blinding,4
570000000000,Hakusan_Hongo,Hakusan,0.0,0.0,0.0,256,0,100,0.8,0.0,0.0,blinding,4
580000000000,Koganei_A_Koganei_B,Koganei_A,0.0,0.0,0.0,256,0,100,0.8,0.0,0.0,blinding,4
580000000000,Koganei_B_Otemachi,Koganei_B,0.0,0.0,0.0,256,0,100,0.8,0.0,0.0,blinding,4
580000000000,Otemachi_Hakusan,Otemachi,0.0,0.0,0.0,256,0,5000000,1.0,0.0,0.0,blinding,4
580000000000,Hakusan_Hongo,Hakusan,0.0,0.0,0.0,256,0,100,0.8,0.0,0.0,blinding,4
590000000000,Koganei_A_Koganei_B,Koganei_A,0.0,0.0,0.0,256,0,100,0.8,0.0,0.0,blinding,4
590000000000,Koganei_B_Otemachi,Koganei_B,0.0,0.0,0.0,256,0,100,0.8,0.0,0.0,blinding,4
590000000000,Otemachi_Hakusan,Otemachi,0.0,0.0,0.0,256,0,5000000,1.0,0.0,0.0,blinding,4
590000000000,Hakusan_Hongo,Hakusan,0.0,0.0,0.0,256,0,100,0.8,0.0,0.0,blinding,4
600000000000,Koganei_A_Koganei_B,Koganei_A,0.0,0.0,0.0,256,0,100,0.8,0.0,0.0,blinding,4
600000000000,Koganei_B_Otemachi,Koganei_B,0.0,0.0,0.0,256,0,100,0.8,0.0,0.0,blinding,4
600000000000,Otemachi_Hakusan,Otemachi,0.0,0.0,0.0,256,0,5000000,1.0,0.0,0.0,blinding,4
600000000000,Hakusan_Hongo,Hakusan,0.0,0.0,0.0,256,0,100,0.8,0.0,0.0,blinding,4
610000000000,Koganei_A_Koganei_B,Koganei_A,0.0,0.0,0.0,256,0,100,0.8,0.0,0.0,blinding,4
610000000000,Koganei_B_Otemachi,Koganei_B,0.0,0.0,0.0,256,0,100,0.8,0.0,0.0,blinding,4
610000000000,Otemachi_Hakusan,Otemachi,0.0,0.0,0.0,256,0,5000000,1.0,0.0,0.0,blinding,4
610000000000,Hakusan_Hongo,Hakusan,0.0,0.0,0.0,256,0,100,0.8,0.0,0.0,blinding,4
620000000000,Koganei_A_Koganei_B,Koganei_A,0.0,0.0,0.0,256,0,100,0.8,0.0,0.0,blinding,4
620000000000,Koganei_B_Otemachi,Koganei_B,0.0,0.0,0.0,256,0,100,0.8,0.0,0.0,blinding,4
620000000000,Otemachi_Hakusan,Otemachi,0.0,0.0,0.0,256,0,5000000,1.0,0.0,0.0,blinding,4
620000000000,Hakusan_Hongo,Hakusan,0.0,0.0,0.0,256,0,100,0.8,0.0,0.0,blinding,4
630000000000,Koganei_A_Koganei_B,Koganei_A,0.0,0.0,0.0,256,0,100,0.8,0.0,0.0,blinding,4
630000000000,Koganei_B_Otemachi,Koganei_B,0.0,0.0,0.0,256,0,100,0.8,0.0,0.0,blinding,4
630000000000,Otemachi_Hakusan,Otemachi,0.0,0.0,0.0,256,0,5000000,1.0,0.0,0.0,blinding,4
630000000000,Hakusan_Hongo,Hakusan,0.0,0.0,0.0,256,0,100,0.8,0.0,0.0,blinding,4
640000000000,Koganei_A_Koganei_B,Koganei_A,0.0,0.0,0.0,256,0,100,0.8,0.0,0.0,blinding,4
640000000000,Koganei_B_Otemachi,Koganei_B,0.0,0.0,0.0,256,0,100,0.8,0.0,0.0,blinding,4
640000000000,Otemachi_Hakusan,Otemachi,0.0,0.0,0.0,256,0,5000000,1.0,0.0,0.0,blinding,4
640000000000,Hakusan_Hongo,Hakusan,0.0,0.0,0.0,256,0,100,0.8,0.0,0.0,blinding,4
650000000000,Koganei_A_Koganei_B,Koganei_A,0.0,0.0,0.0,256,0,100,0.8,0.0,0.0,blinding,4
650000000000,Koganei_B_Otemachi,Koganei_B,0.0,0.0,0.0,256,0,100,0.8,0.0,0.0,blinding,4
650000000000,Otemachi_Hakusan,Otemachi,0.0,0.0,0.0,256,0,5000000,1.0,0.0,0.0,blinding,4
650000000000,Hakusan_Hongo,Hakusan,0.0,0.0,0.0,256,0,100,0.8,0.0,0.0,blinding,4
660000000000,Koganei_A_Koganei_B,Koganei_A,0.0,0.0,0.0,256,0,100,0.8,0.0,0.0,blinding,4
660000000000,Koganei_B_Otemachi,Koganei_B,0.0,0.0,0.0,256,0,100,0.8,0.0,0.0,blinding,4
660000000000,Otemachi_Hakusan,Otemachi,0.0,0.0,0.0,256,0,5000000,1.0,0.0,0.0,blinding,4
660000000000,Hakusan_Hongo,Hakusan,0.0,0.0,0.0,256,0,100,0.8,0.0,0.0,blinding,4
670000000000,Koganei_A_Koganei_B,Koganei_A,0.0,0.0,0.0,256,0,100,0.8,0.0,0.0,blinding,4
670000000000,Koganei_B_Otemachi,Koganei_B,0.0,0.0,0.0,256,0,100,0.8,0.0,0.0,blinding,4
670000000000,Otemachi_Hakusan,Otemachi,0.0,0.0,0.0,256,0,5000000,1.0,0.0,0.0,blinding,4
670000000000,Hakusan_Hongo,Hakusan,0.0,0.0,0.0,256,0,100,0.8,0.0,0.0,blinding,4
680000000000,Koganei_A_Koganei_B,Koganei_A,0.0,0.0,0.0,256,0,100,0.8,0.0,0.0,blinding,4
680000000000,Koganei_B_Otemachi,Koganei_B,0.0,0.0,0.0,256,0,100,0.8,0.0,0.0,blinding,4
680000000000,Otemachi_Hakusan,Otemachi,0.0,0.0,0.0,256,0,5000000,1.0,0.0,0.0,blinding,4
680000000000,Hakusan_Hongo,Hakusan,0.0,0.0,0.0,256,0,100,0.8,0.0,0.0,blinding,4
690000000000,Koganei_A_Koganei_B,Koganei_A,0.0,0.0,0.0,256,0,100,0.8,0.0,0.0,blinding,4
690000000000,Koganei_B_Otemachi,Koganei_B,0.0,0.0,0.0,256,0,100,0.8,0.0,0.0,blinding,4
690000000000,Otemachi_Hakusan,Otemachi,0.0,0.0,0.0,256,0,5000000,1.0,0.0,0.0,blinding,4
690000000000,Hakusan_Hongo,Hakusan,0.0,0.0,0.0,256,0,100,0.8,0.0,0.0,blinding,4
700000000000,Koganei_A_Koganei_B,Koganei_A,0.0,0.0,0.0,256,0,100,0.8,0.0,0.0,blinding,4
700000000000,Koganei_B_Otemachi,Koganei_B,0.0,0.0,0.0,256,0,100,0.8,0.0,0.0,blinding,4
700000000000,Otemachi_Hakusan,Otemachi,0.0,0.0,0.0,256,0,5000000,1.0,0.0,0.0,blinding,4
700000000000,Hakusan_Hongo,Hakusan,0.0,0.0,0.0,256,0,100,0.8,0.0,0.0,blinding,4
710000000000,Koganei_A_Koganei_B,Koganei_A,0.0,0.0,0.0,256,0,100,0.8,0.0,0.0,blinding,4
710000000000,Koganei_B_Otemachi,Koganei_B,0.0,0.0,0.0,256,0,100,0.8,0.0,0.0,blinding,4
710000000000,Otemachi_Hakusan,Otemachi,0.0,0.0,0.0,256,0,5000000,1.0,0.0,0.0,blinding,4
710000000000,Hakusan_Hongo,Hakusan,0.0,0.0,0.0,256,0,100,0.8,0.0,0.0,blinding,4
720000000000,Koganei_A_Koganei_B,Koganei_A,0.0,0.0,0.0,256,0,100,0.8,0.0,0.0,blinding,4
720000000000,Koganei_B_Otemachi,Koganei_B,0.0,0.0,0.0,256,0,100,0.8,0.0,0.0,blinding,4
720000000000,Otemachi_Hakusan,Otemachi,0.0,0.0,0.0,256,0,5000000,1.0,0.0,0.0,blinding,4
720000000000,Hakusan_Hongo,Hakusan,0.0,0.0,0.0,256,0,100,0.8,0.0,0.0,blinding,4
730000000000,Koganei_A_Koganei_B,Koganei_A,0.0,0.0,0.0,256,0,100,0.8,0.0,0.0,blinding,4
730000000000,Koganei_B_Otemachi,Koganei_B,0.0,0.0,0.0,256,0,100,0.8,0.0,0.0,blinding,4
730000000000,Otemachi_Hakusan,Otemachi,0.0,0.0,0.0,256,0,5000000,1.0,0.0,0.0,blinding,4
730000000000,Hakusan_Hongo,Hakusan,0.0,0.0,0.0,256,0,100,0.8,0.0,0.0,blinding,4
740000000000,Koganei_A_Koganei_B,Koganei_A,0.0,0.0,0.0,256,0,100,0.8,0.0,0.0,blinding,4
740000000000,Koganei_B_Otemachi,Koganei_B,0.0,0.0,0.0,256,0,100,0.8,0.0,0.0,blinding,4
740000000000,Otemachi_Hakusan,Otemachi,0.0,0.0,0.0,256,0,5000000,1.0,0.0,0.0,blinding,4
740000000000,Hakusan_Hongo,Hakusan,0.0,0.0,0.0,256,0,100,0.8,0.0,0.0,blinding,4
750000000000,Koganei_A_Koganei_B,Koganei_A,0.0,0.0,0.0,256,0,100,0.8,0.0,0.0,blinding,4
750000000000,Koganei_B_Otemachi,Koganei_B,0.0,0.0,0.0,256,0,100,0.8,0.0,0.0,blinding,4
750000000000,Otemachi_Hakusan,Otemachi,0.0,0.0,0.0,256,0,5000000,1.0,0.0,0.0,blinding,4
750000000000,Hakusan_Hongo,Hakusan,0.0,0.0,0.0,256,0,100,0.8,0.0,0.0,blinding,4
760000000000,Koganei_A_Koganei_B,Koganei_A,0.0,0.0,0.0,256,0,100,0.8,0.0,0.0,blinding,4
760000000000,Koganei_B_Otemachi,Koganei_B,0.0,0.0,0.0,256,0,100,0.8,0.0,0.0,blinding,4
760000000000,Otemachi_Hakusan,Otemachi,0.0,0.0,0.0,256,0,5000000,1.0,0.0,0.0,blinding,4
760000000000,Hakusan_Hongo,Hakusan,0.0,0.0,0.0,256,0,100,0.8,0.0,0.0,blinding,4
770000000000,Koganei_A_Koganei_B,Koganei_A,0.0,0.0,0.0,256,0,100,0.8,0.0,0.0,blinding,4
770000000000,Koganei_B_Otemachi,Koganei_B,0.0,0.0,0.0,256,0,100,0.8,0.0,0.0,blinding,4
770000000000,Otemachi_Hakusan,Otemachi,0.0,0.0,0.0,256,0,5000000,1.0,0.0,0.0,blinding,4
770000000000,Hakusan_Hongo,Hakusan,0.0,0.0,0.0,256,0,100,0.8,0.0,0.0,blinding,4
780000000000,Koganei_A_Koganei_B,Koganei_A,0.0,0.0,0.0,256,0,100,0.8,0.0,0.0,blinding,4
780000000000,Koganei_B_Otemachi,Koganei_B,0.0,0.0,0.0,256,0,100,0.8,0.0,0.0,blinding,4
780000000000,Otemachi_Hakusan,Otemachi,0.0,0.0,0.0,256,0,5000000,1.0,0.0,0.0,blinding,4
780000000000,Hakusan_Hongo,Hakusan,0.0,0.0,0.0,256,0,100,0.8,0.0,0.0,blinding,4
790000000000,Koganei_A_Koganei_B,Koganei_A,0.0,0.0,0.0,256,0,100,0.8,0.0,0.0,blinding,4
790000000000,Koganei_B_Otemachi,Koganei_B,0.0,0.0,0.0,256,0,100,0.8,0.0,0.0,blinding,4
790000000000,Otemachi_Hakusan,Otemachi,0.0,0.0,0.0,256,0,5000000,1.0,0.0,0.0,blinding,4
790000000000,Hakusan_Hongo,Hakusan,0.0,0.0,0.0,256,0,100,0.8,0.0,0.0,blinding,4
800000000000,Koganei_A_Koganei_B,Koganei_A,0.0,0.0,0.0,256,0,100,0.8,0.0,0.0,blinding,4
800000000000,Koganei_B_Otemachi,Koganei_B,0.0,0.0,0.0,256,0,100,0.8,0.0,0.0,blinding,4
800000000000,Otemachi_Hakusan,Otemachi,0.0,0.0,0.0,256,0,5000000,1.0,0.0,0.0,blinding,4
800000000000,Hakusan_Hongo,Hakusan,0.0,0.0,0.0,256,0,100,0.8,0.0,0.0,blinding,4
810000000000,Koganei_A_Koganei_B,Koganei_A,0.0,0.0,0.0,256,0,100,0.8,0.0,0.0,blinding,4
810000000000,Koganei_B_Otemachi,Koganei_B,0.0,0.0,0.0,256,0,100,0.8,0.0,0.0,blinding,4
810000000000,Otemachi_Hakusan,Otemachi,0.0,0.0,0.0,256,0,5000000,1.0,0.0,0.0,blinding,4
810000000000,Hakusan_Hongo,Hakusan,0.0,0.0,0.0,256,0,100,0.8,0.0,0.0,blinding,4
820000000000,Koganei_A_Koganei_B,Koganei_A,0.0,0.0,0.0,256,0,100,0.8,0.0,0.0,blinding,4
820000000000,Koganei_B_Otemachi,Koganei_B,0.0,0.0,0.0,256,0,100,0.8,0.0,0.0,blinding,4
820000000000,Otemachi_Hakusan,Otemachi,0.0,0.0,0.0,256,0,5000000,1.0,0.0,0.0,blinding,4
820000000000,Hakusan_Hongo,Hakusan,0.0,0.0,0.0,256,0,100,0.8,0.0,0.0,blinding,4
830000000000,Koganei_A_Koganei_B,Koganei_A,0.0,0.0,0.0,256,0,100,0.8,0.0,0.0,blinding,4
830000000000,Koganei_B_Otemachi,Koganei_B,0.0,0.0,0.0,256,0,100,0.8,0.0,0.0,blinding,4
830000000000,Otemachi_Hakusan,Otemachi,0.0,0.0,0.0,256,0,5000000,1.0,0.0,0.0,blinding,4
830000000000,Hakusan_Hongo,Hakusan,0.0,0.0,0.0,256,0,100,0.8,0.0,0.0,blinding,4
840000000000,Koganei_A_Koganei_B,Koganei_A,0.0,0.0,0.0,256,0,100,0.8,0.0,0.0,blinding,4
840000000000,Koganei_B_Otemachi,Koganei_B,0.0,0.0,0.0,256,0,100,0.8,0.0,0.0,blinding,4
840000000000,Otemachi_Hakusan,Otemachi,0.0,0.0,0.0,256,0,5000000,1.0,0.0,0.0,blinding,4
840000000000,Hakusan_Hongo,Hakusan,0.0,0.0,0.0,256,0,100,0.8,0.0,0.0,blinding,4
850000000000,Koganei_A_Koganei_B,Koganei_A,0.0,0.0,0.0,256,0,100,0.8,0.0,0.0,blinding,4
850000000000,Koganei_B_Otemachi,Koganei_B,0.0,0.0,0.0,256,0,100,0.8,0.0,0.0,blinding,4
850000000000,Otemachi_Hakusan,Otemachi,0.0,0.0,0.0,256,0,5000000,1.0,0.0,0.0,blinding,4
850000000000,Hakusan_Hongo,Hakusan,0.0,0.0,0.0,256,0,100,0.8,0.0,0.0,blinding,4
860000000000,Koganei_A_Koganei_B,Koganei_A,0.0,0.0,0.0,256,0,100,0.8,0.0,0.0,blinding,4
860000000000,Koganei_B_Otemachi,Koganei_B,0.0,0.0,0.0,256,0,100,0.8,0.0,0.0,blinding,4
860000000000,Otemachi_Hakusan,Otemachi,0.0,0.0,0.0,256,0,5000000,1.0,0.0,0.0,blinding,4
860000000000,Hakusan_Hongo,Hakusan,0.0,0.0,0.0,256,0,100,0.8,0.0,0.0,blinding,4
870000000000,Koganei_A_Koganei_B,Koganei_A,0.0,0.0,0.0,256,0,100,0.8,0.0,0.0,blinding,4
870000000000,Koganei_B_Otemachi,Koganei_B,0.0,0.0,0.0,256,0,100,0.8,0.0,0.0,blinding,4
870000000000,Otemachi_Hakusan,Otemachi,0.0,0.0,0.0,256,0,5000000,1.0,0.0,0.0,blinding,4
870000000000,Hakusan_Hongo,Hakusan,0.0,0.0,0.0,256,0,100,0.8,0.0,0.0,blinding,4
880000000000,Koganei_A_Koganei_B,Koganei_A,0.0,0.0,0.0,256,0,100,0.8,0.0,0.0,blinding,4
880000000000,Koganei_B_Otemachi,Koganei_B,0.0,0.0,0.0,256,0,100,0.8,0.0,0.0,blinding,4
880000000000,Otemachi_Hakusan,Otemachi,0.0,0.0,0.0,256,0,5000000,1.0,0.0,0.0,blinding,4
880000000000,Hakusan_Hongo,Hakusan,0.0,0.0,0.0,256,0,100,0.8,0.0,0.0,blinding,4
890000000000,Koganei_A_Koganei_B,Koganei_A,0.0,0.0,0.0,256,0,100,0.8,0.0,0.0,blinding,4
890000000000,Koganei_B_Otemachi,Koganei_B,0.0,0.0,0.0,256,0,100,0.8,0.0,0.0,blinding,4
890000000000,Otemachi_Hakusan,Otemachi,0.0,0.0,0.0,256,0,5000000,1.0,0.0,0.0,blinding,4
890000000000,Hakusan_Hongo,Hakusan,0.0,0.0,0.0,256,0,100,0.8,0.0,0.0,blinding,4
900000000000,Koganei_A_Koganei_B,Koganei_A,0.0,0.0,0.0,256,0,100,0.8,0.0,0.0,blinding,4
900000000000,Koganei_B_Otemachi,Koganei_B,0.0,0.0,0.0,256,0,100,0.8,0.0,0.0,blinding,4
900000000000,Otemachi_Hakusan,Otemachi,0.0,0.0,0.0,256,0,5000000,1.0,0.0,0.0,blinding,4
900000000000,Hakusan_Hongo,Hakusan,0.0,0.0,0.0,256,0,100,0.8,0.0,0.0,blinding,4
910000000000,Koganei_A_Koganei_B,Koganei_A,0.0,0.0,0.0,256,0,100,0.8,0.0,0.0,blinding,4
910000000000,Koganei_B_Otemachi,Koganei_B,0.0,0.0,0.0,256,0,100,0.8,0.0,0.0,blinding,4
910000000000,Otemachi_Hakusan,Otemachi,0.0,0.0,0.0,256,0,5000000,1.0,0.0,0.0,blinding,4
910000000000,Hakusan_Hongo,Hakusan,0.0,0.0,0.0,256,0,100,0.8,0.0,0.0,blinding,4
920000000000,Koganei_A_Koganei_B,Koganei_A,0.0,0.0,0.0,256,0,100,0.8,0.0,0.0,blinding,4
920000000000,Koganei_B_Otemachi,Koganei_B,0.0,0.0,0.0,256,0,100,0.8,0.0,0.0,blinding,4
920000000000,Otemachi_Hakusan,Otemachi,0.0,0.0,0.0,256,0,5000000,1.0,0.0,0.0,blinding,4
920000000000,Hakusan_Hongo,Hakusan,0.0,0.0,0.0,256,0,100,0.8,0.0,0.0,blinding,4
930000000000,Koganei_A_Koganei_B,Koganei_A,0.0,0.0,0.0,256,0,100,0.8,0.0,0.0,blinding,4
930000000000,Koganei_B_Otemachi,Koganei_B,0.0,0.0,0.0,256,0,100,0.8,0.0,0.0,blinding,4
930000000000,Otemachi_Hakusan,Otemachi,0.0,0.0,0.0,256,0,5000000,1.0,0.0,0.0,blinding,4
930000000000,Hakusan_Hongo,Hakusan,0.0,0.0,0.0,256,0,100,0.8,0.0,0.0,blinding,4
940000000000,Koganei_A_Koganei_B,Koganei_A,0.0,0.0,0.0,256,0,100,0.8,0.0,0.0,blinding,4
940000000000,Koganei_B_Otemachi,Koganei_B,0.0,0.0,0.0,256,0,100,0.8,0.0,0.0,blinding,4
940000000000,Otemachi_Hakusan,Otemachi,0.0,0.0,0.0,256,0,5000000,1.0,0.0,0.0,blinding,4
940000000000,Hakusan_Hongo,Hakusan,0.0,0.0,0.0,256,0,100,0.8,0.0,0.0,blinding,4
950000000000,Koganei_A_Koganei_B,Koganei_A,0.0,0.0,0.0,256,0,100,0.8,0.0,0.0,blinding,4
950000000000,Koganei_B_Otemachi,Koganei_B,0.0,0.0,0.0,256,0,100,0.8,0.0,0.0,blinding,4
950000000000,Otemachi_Hakusan,Otemachi,0.0,0.0,0.0,256,0,5000000,1.0,0.0,0.0,blinding,4
950000000000,Hakusan_Hongo,Hakusan,0.0,0.0,0.0,256,0,100,0.8,0.0,0.0,blinding,4
960000000000,Koganei_A_Koganei_B,Koganei_A,0.0,0.0,0.0,256,0,100,0.8,0.0,0.0,blinding,4
960000000000,Koganei_B_Otemachi,Koganei_B,0.0,0.0,0.0,256,0,100,0.8,0.0,0.0,blinding,4
960000000000,Otemachi_Hakusan,Otemachi,0.0,0.0,0.0,256,0,5000000,1.0,0.0,0.0,blinding,4
960000000000,Hakusan_Hongo,Hakusan,0.0,0.0,0.0,256,0,100,0.8,0.0,0.0,blinding,4
970000000000,Koganei_A_Koganei_B,Koganei_A,0.0,0.0,0.0,256,0,100,0.8,0.0,0.0,blinding,4
970000000000,Koganei_B_Otemachi,Koganei_B,0.0,0.0,0.0,256,0,100,0.8,0.0,0.0,blinding,4
970000000000,Otemachi_Hakusan,Otemachi,0.0,0.0,0.0,256,0,5000000,1.0,0.0,0.0,blinding,4
970000000000,Hakusan_Hongo,Hakusan,0.0,0.0,0.0,256,0,100,0.8,0.0,0.0,blinding,4
980000000000,Koganei_A_Koganei_B,Koganei_A,0.0,0.0,0.0,256,0,100,0.8,0.0,0.0,blinding,4
980000000000,Koganei_B_Otemachi,Koganei_B,0.0,0.0,0.0,256,0,100,0.8,0.0,0.0,blinding,4
980000000000,Otemachi_Hakusan,Otemachi,0.0,0.0,0.0,256,0,5000000,1.0,0.0,0.0,blinding,4
980000000000,Hakusan_Hongo,Hakusan,0.0,0.0,0.0,256,0,100,0.8,0.0,0.0,blinding,4
990000000000,Koganei_A_Koganei_B,Koganei_A,0.0,0.0,0.0,256,0,100,0.8,0.0,0.0,blinding,4
990000000000,Koganei_B_Otemachi,Koganei_B,0.0,0.0,0.0,256,0,100,0.8,0.0,0.0,blinding,4
990000000000,Otemachi_Hakusan,Otemachi,0.0,0.0,0.0,256,0,5000000,1.0,0.0,0.0,blinding,4
990000000000,Hakusan_Hongo,Hakusan,0.0,0.0,0.0,256,0,100,0.8,0.0,0.0,blinding,4
